,cluster_labels
cell_1,3
cell_2,3
cell_3,3
cell_4,3
cell_5,3
cell_6,3
cell_7,3
cell_8,3
cell_9,3
cell_10,3
cell_11,3
cell_12,3
cell_13,3
cell_14,3
cell_15,3
cell_16,3
cell_17,3
cell_18,3
cell_19,3
cell_20,3
cell_21,3
cell_22,3
cell_23,3
cell_24,3
cell_25,3
cell_26,3
cell_27,3
cell_28,3
cell_29,3
cell_30,3
cell_31,3
cell_32,3
cell_33,3
cell_34,3
cell_35,3
cell_36,3
cell_37,3
cell_38,3
cell_39,3
cell_40,3
cell_41,3
cell_42,3
cell_43,3
cell_44,3
cell_45,3
cell_46,3
cell_47,3
cell_48,3
cell_49,3
cell_50,3
cell_51,3
cell_52,3
cell_53,3
cell_54,3
cell_55,3
cell_56,3
cell_57,3
cell_58,3
cell_59,3
cell_60,3
cell_61,3
cell_62,3
cell_63,3
cell_64,3
cell_65,3
cell_66,3
cell_67,3
cell_68,3
cell_69,3
cell_70,3
cell_71,3
cell_72,3
cell_73,3
cell_74,3
cell_75,3
cell_76,3
cell_77,3
cell_78,3
cell_79,3
cell_80,3
cell_81,3
cell_82,3
cell_83,3
cell_84,3
cell_85,3
cell_86,3
cell_87,3
cell_88,3
cell_89,3
cell_90,3
cell_91,3
cell_92,3
cell_93,3
cell_94,3
cell_95,3
cell_96,3
cell_97,3
cell_98,3
cell_99,3
cell_100,3
cell_101,3
cell_102,3
cell_103,3
cell_104,3
cell_105,3
cell_106,3
cell_107,3
cell_108,3
cell_109,3
cell_110,3
cell_111,3
cell_112,3
cell_113,3
cell_114,3
cell_115,3
cell_116,3
cell_117,3
cell_118,3
cell_119,3
cell_120,3
cell_121,3
cell_122,3
cell_123,3
cell_124,3
cell_125,3
cell_126,3
cell_127,3
cell_128,3
cell_129,3
cell_130,3
cell_131,3
cell_132,3
cell_133,3
cell_134,3
cell_135,3
cell_136,3
cell_137,3
cell_138,3
cell_139,3
cell_140,3
cell_141,3
cell_142,3
cell_143,3
cell_144,3
cell_145,3
cell_146,3
cell_147,3
cell_148,3
cell_149,3
cell_150,3
cell_151,3
cell_152,3
cell_153,3
cell_154,3
cell_155,3
cell_156,3
cell_157,3
cell_158,3
cell_159,3
cell_160,3
cell_161,3
cell_162,3
cell_163,3
cell_164,3
cell_165,3
cell_166,3
cell_167,3
cell_168,3
cell_169,3
cell_170,3
cell_171,3
cell_172,3
cell_173,3
cell_174,3
cell_175,3
cell_176,3
cell_177,3
cell_178,3
cell_179,3
cell_180,3
cell_181,3
cell_182,3
cell_183,3
cell_184,3
cell_185,3
cell_186,3
cell_187,3
cell_188,3
cell_189,3
cell_190,3
cell_191,3
cell_192,3
cell_193,3
cell_194,3
cell_195,3
cell_196,3
cell_197,3
cell_198,3
cell_199,3
cell_200,3
cell_201,3
cell_202,3
cell_203,3
cell_204,3
cell_205,3
cell_206,3
cell_207,3
cell_208,2
cell_209,2
cell_210,2
cell_211,2
cell_212,2
cell_213,2
cell_214,2
cell_215,2
cell_216,2
cell_217,2
cell_218,2
cell_219,2
cell_220,2
cell_221,2
cell_222,2
cell_223,2
cell_224,2
cell_225,2
cell_226,2
cell_227,2
cell_228,2
cell_229,2
cell_230,2
cell_231,2
cell_232,2
cell_233,2
cell_234,2
cell_235,2
cell_236,2
cell_237,2
cell_238,2
cell_239,2
cell_240,2
cell_241,2
cell_242,2
cell_243,2
cell_244,2
cell_245,2
cell_246,2
cell_247,2
cell_248,2
cell_249,2
cell_250,2
cell_251,2
cell_252,2
cell_253,2
cell_254,2
cell_255,2
cell_256,2
cell_257,2
cell_258,2
cell_259,2
cell_260,2
cell_261,2
cell_262,2
cell_263,2
cell_264,2
cell_265,2
cell_266,2
cell_267,2
cell_268,2
cell_269,2
cell_270,2
cell_271,2
cell_272,2
cell_273,2
cell_274,2
cell_275,2
cell_276,2
cell_277,2
cell_278,2
cell_279,2
cell_280,2
cell_281,2
cell_282,2
cell_283,2
cell_284,2
cell_285,2
cell_286,2
cell_287,2
cell_288,2
cell_289,2
cell_290,2
cell_291,2
cell_292,2
cell_293,2
cell_294,2
cell_295,2
cell_296,2
cell_297,2
cell_298,2
cell_299,2
cell_300,2
cell_301,2
cell_302,2
cell_303,2
cell_304,2
cell_305,2
cell_306,2
cell_307,2
cell_308,2
cell_309,2
cell_310,2
cell_311,2
cell_312,2
cell_313,2
cell_314,2
cell_315,2
cell_316,2
cell_317,2
cell_318,2
cell_319,2
cell_320,2
cell_321,2
cell_322,2
cell_323,2
cell_324,2
cell_325,2
cell_326,2
cell_327,2
cell_328,2
cell_329,2
cell_330,2
cell_331,2
cell_332,2
cell_333,2
cell_334,2
cell_335,2
cell_336,2
cell_337,2
cell_338,2
cell_339,2
cell_340,2
cell_341,2
cell_342,2
cell_343,2
cell_344,2
cell_345,2
cell_346,2
cell_347,2
cell_348,2
cell_349,2
cell_350,2
cell_351,2
cell_352,2
cell_353,2
cell_354,2
cell_355,2
cell_356,2
cell_357,2
cell_358,2
cell_359,2
cell_360,2
cell_361,2
cell_362,2
cell_363,2
cell_364,2
cell_365,2
cell_366,2
cell_367,2
cell_368,2
cell_369,2
cell_370,2
cell_371,2
cell_372,2
cell_373,2
cell_374,2
cell_375,2
cell_376,2
cell_377,2
cell_378,2
cell_379,2
cell_380,2
cell_381,2
cell_382,2
cell_383,2
cell_384,2
cell_385,2
cell_386,2
cell_387,2
cell_388,2
cell_389,2
cell_390,2
cell_391,2
cell_392,2
cell_393,2
cell_394,2
cell_395,2
cell_396,2
cell_397,2
cell_398,2
cell_399,2
cell_400,2
cell_401,2
cell_402,2
cell_403,2
cell_404,2
cell_405,2
cell_406,2
cell_407,2
cell_408,2
cell_409,2
cell_410,2
cell_411,2
cell_412,2
cell_413,2
cell_414,2
cell_415,2
cell_416,2
cell_417,2
cell_418,2
cell_419,2
cell_420,2
cell_421,2
cell_422,2
cell_423,2
cell_424,2
cell_425,2
cell_426,2
cell_427,2
cell_428,2
cell_429,2
cell_430,2
cell_431,2
cell_432,2
cell_433,2
cell_434,2
cell_435,2
cell_436,2
cell_437,2
cell_438,2
cell_439,2
cell_440,2
cell_441,2
cell_442,2
cell_443,2
cell_444,2
cell_445,2
cell_446,2
cell_447,2
cell_448,2
cell_449,2
cell_450,2
cell_451,2
cell_452,2
cell_453,2
cell_454,2
cell_455,2
cell_456,2
cell_457,2
cell_458,2
cell_459,2
cell_460,2
cell_461,2
cell_462,2
cell_463,2
cell_464,2
cell_465,2
cell_466,2
cell_467,2
cell_468,2
cell_469,2
cell_470,2
cell_471,2
cell_472,2
cell_473,2
cell_474,2
cell_475,2
cell_476,2
cell_477,2
cell_478,2
cell_479,2
cell_480,2
cell_481,2
cell_482,2
cell_483,2
cell_484,2
cell_485,2
cell_486,2
cell_487,2
cell_488,2
cell_489,2
cell_490,2
cell_491,2
cell_492,2
cell_493,2
cell_494,2
cell_495,2
cell_496,2
cell_497,2
cell_498,2
cell_499,2
cell_500,2
cell_501,2
cell_502,2
cell_503,2
cell_504,2
cell_505,2
cell_506,2
cell_507,2
cell_508,2
cell_509,2
cell_510,2
cell_511,2
cell_512,2
cell_513,2
cell_514,2
cell_515,2
cell_516,2
cell_517,2
cell_518,2
cell_519,2
cell_520,2
cell_521,2
cell_522,2
cell_523,2
cell_524,2
cell_525,2
cell_526,2
cell_527,2
cell_528,2
cell_529,2
cell_530,2
cell_531,2
cell_532,2
cell_533,2
cell_534,2
cell_535,2
cell_536,2
cell_537,2
cell_538,2
cell_539,2
cell_540,2
cell_541,2
cell_542,2
cell_543,2
cell_544,2
cell_545,2
cell_546,2
cell_547,2
cell_548,2
cell_549,2
cell_550,2
cell_551,2
cell_552,2
cell_553,2
cell_554,2
cell_555,2
cell_556,2
cell_557,2
cell_558,2
cell_559,2
cell_560,2
cell_561,2
cell_562,2
cell_563,2
cell_564,2
cell_565,2
cell_566,2
cell_567,2
cell_568,2
cell_569,2
cell_570,2
cell_571,2
cell_572,2
cell_573,2
cell_574,2
cell_575,2
cell_576,2
cell_577,2
cell_578,2
cell_579,2
cell_580,2
cell_581,2
cell_582,2
cell_583,2
cell_584,2
cell_585,1
cell_586,1
cell_587,1
cell_588,1
cell_589,1
cell_590,1
cell_591,1
cell_592,1
cell_593,1
cell_594,1
cell_595,1
cell_596,1
cell_597,1
cell_598,1
cell_599,1
cell_600,1
cell_601,1
cell_602,1
cell_603,1
cell_604,1
cell_605,1
cell_606,1
cell_607,1
cell_608,1
cell_609,1
cell_610,1
cell_611,1
cell_612,1
cell_613,0
cell_614,0
cell_615,0
cell_616,0
cell_617,0
cell_618,0
cell_619,0
cell_620,0
cell_621,0
cell_622,0
cell_623,0
cell_624,0
cell_625,0
cell_626,0
cell_627,0
cell_628,0
cell_629,0
cell_630,0
cell_631,0
cell_632,0
cell_633,0
cell_634,0
cell_635,0
cell_636,0
cell_637,0
cell_638,0
cell_639,0
cell_640,0
cell_641,0
cell_642,0
cell_643,0
cell_644,0
cell_645,0
cell_646,0
cell_647,0
cell_648,0
cell_649,0
cell_650,0
cell_651,0
cell_652,3
cell_653,3
cell_654,3
cell_655,3
cell_656,3
cell_657,3
cell_658,3
cell_659,3
cell_660,3
cell_661,3
cell_662,3
cell_663,3
cell_664,3
cell_665,3
cell_666,3
cell_667,3
cell_668,3
cell_669,3
cell_670,3
cell_671,3
cell_672,3
cell_673,3
cell_674,3
cell_675,3
cell_676,3
cell_677,3
cell_678,3
cell_679,3
cell_680,3
cell_681,1
cell_682,3
cell_683,3
cell_684,3
cell_685,3
cell_686,3
cell_687,3
cell_688,3
cell_689,3
cell_690,3
cell_691,3
cell_692,3
cell_693,3
cell_694,3
cell_695,3
cell_696,3
cell_697,3
cell_698,3
cell_699,3
cell_700,3
cell_701,3
cell_702,3
cell_703,3
cell_704,3
cell_705,3
cell_706,3
cell_707,3
cell_708,3
cell_709,3
cell_710,3
cell_711,3
cell_712,3
cell_713,3
cell_714,3
cell_715,3
cell_716,3
cell_717,3
cell_718,3
cell_719,3
cell_720,1
cell_721,3
cell_722,3
cell_723,3
cell_724,3
cell_725,3
cell_726,3
cell_727,3
cell_728,3
cell_729,3
cell_730,3
cell_731,3
cell_732,3
cell_733,3
cell_734,3
cell_735,3
cell_736,3
cell_737,3
cell_738,3
cell_739,3
cell_740,3
cell_741,3
cell_742,3
cell_743,3
cell_744,3
cell_745,3
cell_746,3
cell_747,3
cell_748,3
cell_749,3
cell_750,3
cell_751,3
cell_752,3
cell_753,3
cell_754,3
cell_755,3
cell_756,3
cell_757,3
cell_758,3
cell_759,3
cell_760,3
cell_761,3
cell_762,3
cell_763,3
cell_764,3
cell_765,3
cell_766,3
cell_767,3
cell_768,3
cell_769,3
cell_770,3
cell_771,3
cell_772,3
cell_773,3
cell_774,3
cell_775,3
cell_776,3
cell_777,3
cell_778,3
cell_779,3
cell_780,3
cell_781,3
cell_782,3
cell_783,3
cell_784,3
cell_785,3
cell_786,3
cell_787,3
cell_788,3
cell_789,3
cell_790,3
cell_791,3
cell_792,3
cell_793,3
cell_794,3
cell_795,3
cell_796,3
cell_797,3
cell_798,3
cell_799,3
cell_800,3
cell_801,3
cell_802,3
cell_803,3
cell_804,3
cell_805,3
cell_806,3
cell_807,3
cell_808,3
cell_809,3
cell_810,3
cell_811,3
cell_812,3
cell_813,3
cell_814,3
cell_815,3
cell_816,3
cell_817,3
cell_818,3
cell_819,3
cell_820,3
cell_821,3
cell_822,3
cell_823,3
cell_824,3
cell_825,3
cell_826,3
cell_827,3
cell_828,3
cell_829,3
cell_830,3
cell_831,3
cell_832,3
cell_833,3
cell_834,3
cell_835,3
cell_836,3
cell_837,3
cell_838,3
cell_839,3
cell_840,3
cell_841,3
cell_842,3
cell_843,3
cell_844,3
cell_845,3
cell_846,3
cell_847,3
cell_848,3
cell_849,3
cell_850,3
cell_851,3
cell_852,3
cell_853,3
cell_854,3
cell_855,3
cell_856,3
cell_857,3
cell_858,3
cell_859,3
cell_860,3
cell_861,3
cell_862,3
cell_863,3
cell_864,3
cell_865,3
cell_866,3
cell_867,3
cell_868,3
cell_869,3
cell_870,3
cell_871,3
cell_872,3
cell_873,3
cell_874,3
cell_875,3
cell_876,3
cell_877,3
cell_878,3
cell_879,3
cell_880,3
cell_881,3
cell_882,3
cell_883,3
cell_884,3
cell_885,3
cell_886,3
cell_887,3
cell_888,3
cell_889,3
cell_890,3
cell_891,3
cell_892,3
cell_893,3
cell_894,3
cell_895,3
cell_896,3
cell_897,3
cell_898,3
cell_899,3
cell_900,3
cell_901,3
cell_902,3
cell_903,3
cell_904,3
cell_905,3
cell_906,3
cell_907,3
cell_908,3
cell_909,3
cell_910,3
cell_911,3
cell_912,3
cell_913,3
cell_914,3
cell_915,3
cell_916,3
cell_917,3
cell_918,3
cell_919,3
cell_920,3
cell_921,3
cell_922,3
cell_923,3
cell_924,3
cell_925,3
cell_926,3
cell_927,3
cell_928,3
cell_929,3
cell_930,3
cell_931,3
cell_932,3
cell_933,3
cell_934,3
cell_935,3
cell_936,3
cell_937,3
cell_938,3
cell_939,3
cell_940,3
cell_941,3
cell_942,3
cell_943,3
cell_944,3
cell_945,3
cell_946,3
cell_947,3
cell_948,2
cell_949,2
cell_950,2
cell_951,2
cell_952,2
cell_953,2
cell_954,2
cell_955,2
cell_956,2
cell_957,2
cell_958,2
cell_959,2
cell_960,2
cell_961,2
cell_962,2
cell_963,2
cell_964,2
cell_965,2
cell_966,2
cell_967,2
cell_968,2
cell_969,2
cell_970,2
cell_971,2
cell_972,2
cell_973,2
cell_974,2
cell_975,2
cell_976,2
cell_977,2
cell_978,2
cell_979,2
cell_980,2
cell_981,2
cell_982,2
cell_983,2
cell_984,2
cell_985,2
cell_986,2
cell_987,2
cell_988,2
cell_989,2
cell_990,2
cell_991,2
cell_992,2
cell_993,2
cell_994,2
cell_995,2
cell_996,2
cell_997,2
cell_998,2
cell_999,2
cell_1000,2
cell_1001,2
cell_1002,2
cell_1003,2
cell_1004,2
cell_1005,2
cell_1006,2
cell_1007,2
cell_1008,2
cell_1009,2
cell_1010,2
cell_1011,2
cell_1012,2
cell_1013,2
cell_1014,2
cell_1015,2
cell_1016,2
cell_1017,2
cell_1018,2
cell_1019,2
cell_1020,2
cell_1021,2
cell_1022,2
cell_1023,2
cell_1024,2
cell_1025,2
cell_1026,2
cell_1027,2
cell_1028,2
cell_1029,2
cell_1030,2
cell_1031,2
cell_1032,2
cell_1033,2
cell_1034,2
cell_1035,2
cell_1036,2
cell_1037,2
cell_1038,2
cell_1039,2
cell_1040,2
cell_1041,2
cell_1042,2
cell_1043,2
cell_1044,2
cell_1045,2
cell_1046,2
cell_1047,2
cell_1048,2
cell_1049,2
cell_1050,2
cell_1051,2
cell_1052,2
cell_1053,2
cell_1054,2
cell_1055,2
cell_1056,2
cell_1057,2
cell_1058,2
cell_1059,2
cell_1060,2
cell_1061,2
cell_1062,2
cell_1063,2
cell_1064,2
cell_1065,2
cell_1066,2
cell_1067,2
cell_1068,2
cell_1069,2
cell_1070,2
cell_1071,2
cell_1072,2
cell_1073,2
cell_1074,2
cell_1075,2
cell_1076,2
cell_1077,2
cell_1078,2
cell_1079,2
cell_1080,2
cell_1081,2
cell_1082,2
cell_1083,2
cell_1084,2
cell_1085,2
cell_1086,2
cell_1087,2
cell_1088,2
cell_1089,2
cell_1090,2
cell_1091,2
cell_1092,2
cell_1093,2
cell_1094,2
cell_1095,2
cell_1096,2
cell_1097,2
cell_1098,2
cell_1099,2
cell_1100,2
cell_1101,2
cell_1102,2
cell_1103,2
cell_1104,2
cell_1105,2
cell_1106,2
cell_1107,2
cell_1108,2
cell_1109,2
cell_1110,2
cell_1111,2
cell_1112,2
cell_1113,2
cell_1114,2
cell_1115,2
cell_1116,2
cell_1117,2
cell_1118,2
cell_1119,2
cell_1120,2
cell_1121,2
cell_1122,2
cell_1123,2
cell_1124,2
cell_1125,2
cell_1126,2
cell_1127,2
cell_1128,2
cell_1129,2
cell_1130,2
cell_1131,2
cell_1132,2
cell_1133,2
cell_1134,2
cell_1135,2
cell_1136,2
cell_1137,2
cell_1138,2
cell_1139,2
cell_1140,2
cell_1141,2
cell_1142,2
cell_1143,2
cell_1144,2
cell_1145,2
cell_1146,2
cell_1147,2
cell_1148,2
cell_1149,2
cell_1150,2
cell_1151,2
cell_1152,2
cell_1153,2
cell_1154,2
cell_1155,2
cell_1156,2
cell_1157,2
cell_1158,2
cell_1159,2
cell_1160,2
cell_1161,2
cell_1162,2
cell_1163,2
cell_1164,2
cell_1165,2
cell_1166,2
cell_1167,2
cell_1168,2
cell_1169,2
cell_1170,2
cell_1171,2
cell_1172,2
cell_1173,2
cell_1174,2
cell_1175,2
cell_1176,2
cell_1177,2
cell_1178,2
cell_1179,2
cell_1180,2
cell_1181,2
cell_1182,2
cell_1183,2
cell_1184,2
cell_1185,2
cell_1186,2
cell_1187,2
cell_1188,2
cell_1189,2
cell_1190,2
cell_1191,2
cell_1192,2
cell_1193,2
cell_1194,2
cell_1195,2
cell_1196,2
cell_1197,2
cell_1198,2
cell_1199,2
cell_1200,2
cell_1201,2
cell_1202,2
cell_1203,2
cell_1204,2
cell_1205,2
cell_1206,2
cell_1207,2
cell_1208,2
cell_1209,2
cell_1210,2
cell_1211,2
cell_1212,2
cell_1213,2
cell_1214,2
cell_1215,2
cell_1216,2
cell_1217,2
cell_1218,2
cell_1219,2
cell_1220,2
cell_1221,2
cell_1222,2
cell_1223,2
cell_1224,2
cell_1225,2
cell_1226,2
cell_1227,2
cell_1228,2
cell_1229,2
cell_1230,2
cell_1231,2
cell_1232,2
cell_1233,2
cell_1234,2
cell_1235,2
cell_1236,2
cell_1237,2
cell_1238,2
cell_1239,2
cell_1240,2
cell_1241,2
cell_1242,2
cell_1243,2
cell_1244,2
cell_1245,2
cell_1246,2
cell_1247,2
cell_1248,2
cell_1249,2
cell_1250,2
cell_1251,2
cell_1252,2
cell_1253,2
cell_1254,2
cell_1255,2
cell_1256,2
cell_1257,2
cell_1258,2
cell_1259,2
cell_1260,2
cell_1261,2
cell_1262,2
cell_1263,2
cell_1264,2
cell_1265,2
cell_1266,2
cell_1267,2
cell_1268,2
cell_1269,2
cell_1270,2
cell_1271,2
cell_1272,2
cell_1273,2
cell_1274,2
cell_1275,2
cell_1276,2
cell_1277,2
cell_1278,2
cell_1279,2
cell_1280,2
cell_1281,2
cell_1282,2
cell_1283,2
cell_1284,2
cell_1285,2
cell_1286,2
cell_1287,2
cell_1288,2
cell_1289,2
cell_1290,2
cell_1291,2
cell_1292,2
cell_1293,2
cell_1294,2
cell_1295,2
cell_1296,2
cell_1297,2
cell_1298,2
cell_1299,2
cell_1300,2
cell_1301,2
cell_1302,2
cell_1303,2
cell_1304,2
cell_1305,2
cell_1306,2
cell_1307,2
cell_1308,2
cell_1309,2
cell_1310,2
cell_1311,2
cell_1312,2
cell_1313,2
cell_1314,2
cell_1315,2
cell_1316,2
cell_1317,2
cell_1318,2
cell_1319,2
cell_1320,2
cell_1321,2
cell_1322,2
cell_1323,2
cell_1324,2
cell_1325,2
cell_1326,2
cell_1327,2
cell_1328,2
cell_1329,2
cell_1330,2
cell_1331,2
cell_1332,2
cell_1333,2
cell_1334,2
cell_1335,2
cell_1336,2
cell_1337,2
cell_1338,2
cell_1339,2
cell_1340,2
cell_1341,2
cell_1342,2
cell_1343,2
cell_1344,2
cell_1345,2
cell_1346,2
cell_1347,2
cell_1348,2
cell_1349,2
cell_1350,2
cell_1351,2
cell_1352,2
cell_1353,2
cell_1354,2
cell_1355,2
cell_1356,2
cell_1357,2
cell_1358,2
cell_1359,2
cell_1360,2
cell_1361,2
cell_1362,2
cell_1363,2
cell_1364,2
cell_1365,2
cell_1366,2
cell_1367,2
cell_1368,2
cell_1369,2
cell_1370,2
cell_1371,2
cell_1372,2
cell_1373,2
cell_1374,2
cell_1375,2
cell_1376,2
cell_1377,2
cell_1378,2
cell_1379,2
cell_1380,2
cell_1381,2
cell_1382,2
cell_1383,2
cell_1384,2
cell_1385,2
cell_1386,2
cell_1387,2
cell_1388,2
cell_1389,2
cell_1390,2
cell_1391,2
cell_1392,2
cell_1393,2
cell_1394,2
cell_1395,2
cell_1396,2
cell_1397,2
cell_1398,2
cell_1399,2
cell_1400,2
cell_1401,2
cell_1402,2
cell_1403,2
cell_1404,2
cell_1405,2
cell_1406,2
cell_1407,2
cell_1408,2
cell_1409,2
cell_1410,2
cell_1411,2
cell_1412,2
cell_1413,2
cell_1414,2
cell_1415,2
cell_1416,2
cell_1417,2
cell_1418,2
cell_1419,2
cell_1420,2
cell_1421,2
cell_1422,2
cell_1423,2
cell_1424,2
cell_1425,2
cell_1426,2
cell_1427,2
cell_1428,2
cell_1429,2
cell_1430,2
cell_1431,2
cell_1432,2
cell_1433,2
cell_1434,2
cell_1435,2
cell_1436,2
cell_1437,2
cell_1438,2
cell_1439,2
cell_1440,2
cell_1441,2
cell_1442,2
cell_1443,2
cell_1444,2
cell_1445,2
cell_1446,2
cell_1447,2
cell_1448,2
cell_1449,2
cell_1450,2
cell_1451,2
cell_1452,2
cell_1453,2
cell_1454,2
cell_1455,2
cell_1456,2
cell_1457,2
cell_1458,2
cell_1459,2
cell_1460,2
cell_1461,2
cell_1462,2
cell_1463,2
cell_1464,2
cell_1465,2
cell_1466,2
cell_1467,2
cell_1468,2
cell_1469,2
cell_1470,2
cell_1471,2
cell_1472,2
cell_1473,2
cell_1474,2
cell_1475,2
cell_1476,2
cell_1477,2
cell_1478,2
cell_1479,2
cell_1480,2
cell_1481,2
cell_1482,2
cell_1483,2
cell_1484,2
cell_1485,2
cell_1486,2
cell_1487,2
cell_1488,2
cell_1489,2
cell_1490,2
cell_1491,2
cell_1492,2
cell_1493,2
cell_1494,3
cell_1495,2
cell_1496,2
cell_1497,2
cell_1498,2
cell_1499,2
cell_1500,2
cell_1501,2
cell_1502,2
cell_1503,2
cell_1504,2
cell_1505,2
cell_1506,2
cell_1507,2
cell_1508,2
cell_1509,2
cell_1510,2
cell_1511,2
cell_1512,2
cell_1513,2
cell_1514,2
cell_1515,2
cell_1516,2
cell_1517,1
cell_1518,1
cell_1519,1
cell_1520,1
cell_1521,1
cell_1522,1
cell_1523,1
cell_1524,1
cell_1525,1
cell_1526,1
cell_1527,1
cell_1528,1
cell_1529,1
cell_1530,1
cell_1531,1
cell_1532,1
cell_1533,1
cell_1534,1
cell_1535,1
cell_1536,1
cell_1537,1
cell_1538,1
cell_1539,1
cell_1540,1
cell_1541,2
cell_1542,1
cell_1543,1
cell_1544,1
cell_1545,1
cell_1546,1
cell_1547,0
cell_1548,0
cell_1549,0
cell_1550,0
cell_1551,0
cell_1552,0
cell_1553,0
cell_1554,0
cell_1555,0
cell_1556,0
cell_1557,0
cell_1558,0
cell_1559,0
cell_1560,0
cell_1561,0
cell_1562,0
cell_1563,0
cell_1564,0
cell_1565,0
cell_1566,0
cell_1567,0
cell_1568,0
cell_1569,0
cell_1570,0
cell_1571,0
cell_1572,0
cell_1573,0
cell_1574,0
cell_1575,0
cell_1576,0
cell_1577,0
cell_1578,0
cell_1579,0
cell_1580,0
cell_1581,0
cell_1582,0
cell_1583,0
cell_1584,0
cell_1585,0
cell_1586,0
cell_1587,0
cell_1588,0
cell_1589,0
cell_1590,0
cell_1591,0
cell_1592,0
cell_1593,0
cell_1594,0
cell_1595,0
cell_1596,0
cell_1597,0
cell_1598,0
cell_1599,0
cell_1600,0
